SaleID,CustomerID,ProductID,SaleDate,Quantity,UnitPrice,TotalPrice,PaymentMethod,ShippingAddress,SaleStatus
0799adde-b896-45bb-ba4d-01e812a3884e,03ddc720-29db-4e4e-b8b1-b61cc3081be0,2e6ae665-9198-42c6-a609-0fdc971b2be7,1971-09-10,99,15.672676405165127,1551.5949641113475,Credit Card,68509 Collin Dale,Cancelled
51ee3c8e-3d91-43cd-ba2f-aaa2350fa701,cb560d1b-1ac8-43a5-8503-c5da5f8c35f8,21dab605-a1bd-45ca-95aa-25fcfea8e4b1,1982-04-02,66,525.5012981961103,34683.08568094328,Bank Transfer,2271 Mcdaniel Common Apt. 191,Cancelled
6b5a7718-e6ce-4c47-b9e0-3813cb9e7c6d,565bfc55-7af5-4e2a-bb3c-5f8cecbf81d8,a3f49557-dd30-46de-8603-e138e763735c,1992-04-04,77,406.71397436153876,31316.976025838485,Bank Transfer,2660 Daisy Lock,Cancelled
b3ea61f9-f08d-43c2-9ca6-02abec7fa9ea,a5e4d0c2-06e2-4198-b76c-1512981a1c52,b66c363b-4d49-4853-8c31-71d05284b7fc,2016-06-08,77,404.4668156241115,31143.944803056587,Bank Transfer,60661 Ford Fall Apt. 919,Completed
9d152796-51b0-4cc1-890f-e7154b65e8b2,963410f2-3a43-45ba-a658-cf55c8aae6cf,a364cf73-8362-4671-ad36-4e925a1bc412,2001-05-06,16,727.8784482965532,11646.055172744851,PayPal,23880 Arnold Plain Apt. 710,Cancelled
3fcfd654-1154-4385-96a3-2845b0379ac2,571b13c4-c013-4370-976f-693868464c70,270da7ad-da72-4671-a005-9798a130088b,2024-05-12,36,474.12660089625666,17068.55763226524,Bank Transfer,59025 Ricky Skyway Apt. 197,Cancelled
b322ff72-18dc-4ed9-a28b-5f510aeee222,ac7d2f6b-3a5a-480c-ad53-4b1d0e069e04,d5094dea-f734-4b1d-9c63-71d06e31e898,1979-09-10,87,693.5246950203336,60336.648466769024,PayPal,47429 Henry Creek,Pending
643ab9b7-bc77-4af5-8505-c562e3780cee,bd910e5a-46a9-460c-b779-2866b4a88ec8,7249f4c6-7f5f-4ae3-967e-1053849bbcc7,1978-11-16,60,348.59333279244225,20915.599967546535,PayPal,8781 Phillips Forks,Pending
7197c3d5-9758-4d45-a48d-360e4ee86c2f,48f5e06d-f797-49d9-b2c9-af18eafe304b,7730cf19-8c8c-4c70-9f82-08819cfe3c8d,1994-05-19,47,269.8747078446048,12684.111268696426,Credit Card,774 Kristen Pine Apt. 677,Completed
cb3c4268-3794-49a1-a977-6e74e7fe58ea,0e1c8d23-a372-4980-9721-d53c0b6dadcd,02c30a35-1758-4b18-a1df-4d28f4dd96ff,1971-05-23,47,878.0059664686964,41266.28042402873,PayPal,28812 James Trail Suite 816,Completed
180c1701-6e97-4fb9-ac8b-2ee5aa1f0bda,b5f802ff-b465-4e76-ad79-9b17985d2267,e9c19690-9df3-4b03-8b7e-3e766d26ba6d,2012-09-09,16,740.1326103238146,11842.121765181033,Debit Card,257 Harris Hill,Completed
78b1d901-7591-4500-8dae-6a898c580ef7,a7978130-afc3-4fba-89c9-46be4a0403a9,83e5c14c-648a-4cb9-910c-c37a12cc5d7a,1998-01-02,66,929.0026082508604,61314.17214455678,PayPal,6247 Carpenter Drive Apt. 546,Completed
169302d7-39f5-4ec8-b55e-fed9ccecbf5d,ae771476-5edf-4404-b3d6-d471eb206a62,fded8b89-51c3-456b-996e-abb189d35336,1991-03-12,62,441.60606892631654,27379.576273431627,Credit Card,84615 Gregory Vista,Pending
3e78a281-bcad-418c-8948-e009cc467438,6c2262f0-6e80-4afd-8da7-7613648da8e0,4ce606e9-762a-48a8-ad2f-1809ca0f9ceb,1992-04-21,51,990.2627123547584,50503.39833009268,Credit Card,790 Davis Junctions Suite 839,Pending
ecc24f21-e5a7-4678-815a-523ccea4f063,db6ea417-9625-441f-9159-2c9293aa7490,c884da46-13dc-4b22-bada-e118359d459b,2007-04-01,25,589.4675557458478,14736.688893646195,PayPal,98826 Powers Burgs Suite 500,Cancelled
863d3536-3f1d-4769-a6f4-b1537d347455,864b2dea-d527-4a93-ba79-c2711ecd258a,7377bae3-93dc-4ab7-867b-461f514eac14,1988-09-22,96,795.7793731743234,76394.81982473505,Debit Card,7043 Ryan Street Apt. 537,Cancelled
003e2632-0ed3-4b41-8e78-274532ae4f83,fbe1aa9a-6235-4cb5-b507-0c635c6e2f1f,fa40d8e8-4807-4805-b298-d91613e1439a,2013-08-03,25,390.1112644703361,9752.781611758403,Credit Card,109 Elizabeth Bridge Suite 643,Cancelled
60797c5c-ca21-4dfd-b792-d731fe45a016,6fceb890-4367-465f-8b43-08546956c720,26a54656-a66d-4937-bf7b-6d83d74bdeae,2005-07-17,17,503.49077356415967,8559.343150590714,Debit Card,895 Cindy Summit Suite 494,Completed
6eb0f84c-fb19-4183-a557-5070cc1237b2,5fc001a8-b391-4d4b-9e45-7bea34de768d,82b0b77a-2cf9-41a3-8302-d1dec9130bfa,1978-11-16,69,908.5254926782958,62688.25899480241,Debit Card,67036 Diana Forest,Pending
651df778-5a3c-4086-9dfd-ccd08b7f3398,060891bd-f92c-4468-8ee5-64254669dc23,243b9fc8-1210-4588-98e2-c888baad0301,1997-01-25,54,963.9107554984882,52051.180796918365,Credit Card,14922 Cheyenne Fall Suite 939,Pending
dcfdcb83-e3be-48d7-9b2c-27ee34c00aaf,d6026ff1-6f59-4677-ae89-136ee50a1ba2,0683ac45-2e58-476f-b95d-2811ed8e32bb,2022-01-27,16,182.07805291049516,2913.2488465679226,Credit Card,70383 Brown Lodge Apt. 160,Cancelled
e5f70eac-9d2a-42b4-b7b0-ac288a3d0f03,ecaf1a27-abb6-45b5-a63a-3b3f228d9942,bfee4949-8a9c-4717-8ef5-f5e141c007b6,1980-03-11,33,854.0605046423691,28183.99665319818,Debit Card,710 Palmer Track,Pending
8aa9f3c4-1292-4d98-bfbe-c4d1608e34d4,61819866-fd43-4794-9e13-42a3c73fff49,6f413225-454c-4e42-9c64-c92aadb4357d,2001-12-10,62,773.8038355323913,47975.83780300826,Bank Transfer,11142 Contreras Shoal Suite 493,Cancelled
2420d33e-6d1f-42b4-b618-0c07c0b3c908,ecd0ee00-8f55-4e7d-9d5f-4ba5bec9ebbc,2c0852d1-8e01-45d2-af7e-406a7215e8b4,1983-08-04,30,126.06629228212734,3781.98876846382,PayPal,397 Stephanie Loaf,Cancelled
04b44fba-a7ab-415f-bb3f-32464a56d162,83cc0c08-634a-4af2-b8aa-5de382238f87,cd01464f-1762-47d5-89d4-bc2d47e1cad2,2019-03-16,28,302.7233101580902,8476.252684426527,Credit Card,27032 Connie Lodge Suite 065,Pending
7984bc45-e76e-4300-9cd7-4590e375b8ed,c44c4618-8140-4081-b64a-41b9199869aa,400bbf01-41b2-4eb2-8110-a13fec7ca433,1989-02-22,48,946.723325877015,45442.71964209672,PayPal,21831 Alan Trail,Pending
22ac38f7-04a6-486d-b723-b4a9bc6809b1,16f0ddaa-d75e-42c9-a151-554f934ea170,012c8bdd-0b13-483f-aee2-8a1487a4b988,1991-07-14,69,487.8909383496023,33664.47474612256,Debit Card,3306 Jodi Overpass,Pending
7dee4101-8483-4bc0-9bcf-50d664130477,57508f96-fc7a-4beb-8d0d-11128c36743a,289014dd-0130-4826-a180-7620a397ce01,2003-06-06,77,390.7052342422067,30084.303036649915,Debit Card,601 Faith Meadows Apt. 676,Cancelled
a6fe6d9b-78d5-4f25-83eb-d01f4fca68f0,eca0881f-6996-4d08-bd68-119f86f4fefd,6779b087-e0b8-4bad-bb13-8f47ca286f31,1989-07-31,32,794.983522000923,25439.472704029537,PayPal,711 Donald Heights,Completed
0a5961af-a564-43fe-a9fa-50eaf7695c98,677005b3-2f12-4075-a9db-c301b9988038,97f3353c-2b86-4126-9ecd-f3ed59d74448,1976-09-09,2,222.18665247165146,444.3733049433029,PayPal,68570 Natalie Freeway,Cancelled
e1e3da9a-001f-4544-b965-fdff95006d02,59ee336c-80c2-44ea-be96-bb83de38479d,644e260d-9733-4abe-87dd-2306a716373a,1971-09-04,70,753.5327094902037,52747.28966431426,Debit Card,124 Walter Mall,Pending
04c10dcf-2f23-49eb-98dc-0f0143abb450,13170684-a897-4ef2-a755-b6b440a43387,0ebdcb81-7f19-418b-98ea-cadaff5d09dd,1980-08-02,68,275.88761529407407,18760.357839997036,Debit Card,195 Baker Gateway Suite 336,Pending
ba0ed03c-3345-424b-bbdc-2f37dcfb796c,041b90b3-c27d-4168-91e5-47dd4c1f51e4,012e1b49-6f6a-4f0b-a7ec-d76d2129d839,1991-09-17,75,819.1820048963764,61438.65036722823,Debit Card,9553 Contreras Underpass Apt. 066,Cancelled
01890e32-2c68-4c23-8f3a-699434ce4ce5,98f391e5-fd9c-43c9-837a-9a96e9b56019,ad01be39-2dac-4a07-96ed-f89ffea1bafa,1979-03-11,3,680.2365339534293,2040.7096018602879,Debit Card,6549 Mack Green Apt. 073,Cancelled
8d6fe7b1-66ba-49b8-9690-10d46bae79fb,7b520bf3-7026-4c2d-bcfa-e5fe1b80205c,50006cb9-5e93-42ee-9286-4291a9c594ec,2002-11-10,91,618.4760232857031,56281.318118998985,Bank Transfer,94659 Benjamin Circle Suite 868,Pending
fc137dc5-8476-4988-8eb3-e0d3b2ebf598,4576cd06-0214-47e4-860e-8ce92905430e,003c0ea2-93a1-4a08-aede-68e1b74453d3,1988-06-05,51,935.5280500625436,47711.93055318972,Bank Transfer,9150 Logan Valleys,Completed
dd2faa68-7d1a-45dd-a95a-b87cebc977a7,edf4e67a-8c14-48c5-a6d2-0f776c560f57,da31e7f3-fda2-4eed-bd9d-26c06ccde21a,2022-01-08,42,530.811999909826,22294.103996212692,Credit Card,012 Farmer Island Suite 627,Completed
d16828ce-6002-428b-bc40-dd1a64cbc985,d7060dd5-29e1-4edb-830d-49ba906d22ba,4c6bfcba-60b9-4481-868f-a13ff5f551aa,2013-08-14,6,454.0851421970638,2724.510853182383,Credit Card,3758 Sarah Falls,Cancelled
1a2b5e11-65bf-4ff6-8a58-e067fa2108fe,c0c1e8d8-f2cb-4167-89d8-0a9d4f4ee5a2,ee8a3f87-2646-40bc-bdf4-7c743a9ae06c,1979-04-20,14,968.1926405876336,13554.69696822687,Credit Card,510 Wade Station Apt. 750,Pending
4d33a5ca-bc64-40e0-aedf-db79842ecb7d,2921cbb0-1c09-4f93-8714-68a5addc9b84,bf3811f7-b165-4135-a9be-5992dce49756,2019-02-12,68,770.3746272678234,52385.47465421199,Bank Transfer,883 Patrick Ports,Completed
e1b4165e-6531-4d41-a395-196c5eb83973,efd19339-ca8a-4fdc-8481-e6cdc4b9f0aa,f1d0ea90-b0cc-4537-971f-4245a994e5a2,1978-06-29,41,259.139324459023,10624.712302819942,PayPal,1754 Foster Summit Suite 469,Completed
82eed474-20f9-45d3-a167-d5fdb9a21ae4,a14a12b9-4ad5-407a-b016-159e013327c0,fec9cd13-b73d-4502-8a7b-57ad464ecd4c,1989-03-12,89,527.6166186255889,46957.87905767741,Debit Card,361 Thomas Centers,Cancelled
380b8470-2202-4dc8-a7d2-f30897ed46e0,b8b4f874-f15c-4e2e-b5b5-ea2db213c098,dd1e5378-1862-4a8e-93b4-8d764c011dbd,1983-11-13,79,601.7924348234168,47541.60235104993,Credit Card,201 Anderson Burg,Cancelled
e782cdf9-5898-4b1f-b008-7f5171390a6a,92d8704a-72cc-4ccb-8ff1-47582d450ff9,38f5ce20-ad55-4eed-add2-92199bc376d8,2023-08-06,38,529.5630587144911,20123.396231150662,Bank Transfer,23770 Robinson Row,Completed
4e56663d-c0b0-40b4-9cdf-3982f7a79b1e,e0c123b3-e3b0-4a7a-9529-c849112673a7,f0357cb6-21a0-4914-95ef-81678f5c2e06,2023-06-26,45,313.952303549321,14127.853659719445,Credit Card,396 Mitchell Pines Suite 733,Completed
52e5fc2e-e2e7-4441-a4d1-d9339fdf3e41,27b3925d-a32a-4e82-873a-b8bd3f07595c,5bafaf1c-7f24-483b-85d0-74da08ddad2a,2016-12-01,10,284.94448433103724,2849.4448433103726,Debit Card,9042 Gibbs Stream Suite 915,Cancelled
41de477a-7817-4fc7-986c-4c6eb4438325,a0f6f66f-08f4-41a3-9f23-68220aa0b618,cc07fbaa-7caf-4942-ab11-7976f8adf4ef,2017-07-26,75,350.42184854050464,26281.638640537847,Credit Card,913 Mary Plaza,Cancelled
cb714f64-0f27-41b3-bb03-1c1fe9dc7aab,d9086eb0-a23c-41c0-a644-43a741df2fb9,642c814b-c882-4488-8c91-db1fe81a86db,1974-11-11,54,254.81117095354497,13759.803231491429,Debit Card,142 Anthony Islands,Cancelled
e459cbd5-2ac8-44b2-ad3b-2455941a6c58,2a193a93-5294-4d77-936c-dbe9d5204e5b,5b446226-d70a-4b9e-8d51-0afa20dfe07f,1984-04-29,29,665.674076180115,19304.548209223336,PayPal,51976 Ryan Cape Apt. 528,Cancelled
52b61a73-b74f-47d4-bfb3-76589be17560,9b855143-97f8-44eb-8e53-ea3cfc621521,45e20bd5-cfe7-4434-a737-24e958fcb13d,2011-01-06,44,77.8195607520547,3424.060673090407,Credit Card,3533 Cisneros Plaza Suite 853,Pending
513dbc01-e674-4255-959f-aafac5403c70,b23617f7-21e3-4fd7-8fc5-5b7ebc146b20,c0806ea6-2b7a-4722-bd9f-13989ca5ce80,1978-11-03,29,805.8540324893993,23369.76694219258,Bank Transfer,9965 Santos Camp,Completed
49fd5b8a-736f-4216-b151-929a342d45ee,1e9c2099-2836-4473-9d79-7671ed792fe0,0ccf69cb-f8c8-4645-a39c-c870c8730760,2000-10-12,70,928.9774270364941,65028.419892554586,Credit Card,664 Theresa Mission,Completed
5a17c052-efbe-4abc-841c-8851b442ed87,5340de1c-838b-408f-87c1-03955b99d5a4,05adaac7-4f41-41e2-aa6f-34303c691e0a,1977-07-14,40,657.1436356167634,26285.745424670535,PayPal,145 Robles Plaza,Pending
9d72922e-85b9-4625-84ec-7a9aee454c47,fdb5ad8a-d404-4dc6-a8d3-43c9e44011b4,ac5c9cad-c8e5-4ff4-b6a4-9138943f25ca,1974-02-12,12,746.1156251520431,8953.387501824516,Credit Card,487 Mitchell Plains Suite 940,Pending
f9e04e33-76e6-4a89-a2a7-97631961e1e2,adc32b25-c66b-447a-a6c2-2d8f3894ca17,29f04520-3c17-4de8-8c30-bf0530156d32,2020-07-08,67,783.6211176168478,52502.6148803288,PayPal,0546 Christopher Expressway Apt. 647,Pending
2623f2f5-3af2-4880-8c30-9813db676ed4,1a082625-4e76-4db1-8da4-eba2243f23ae,6bece853-baa7-40f9-9b67-b413bbd01c30,2021-11-01,67,612.9811192040986,41069.73498667461,PayPal,7828 Powers Stravenue,Cancelled
8a911ca8-c464-437d-aefa-36f29c7a97b3,e80413fa-46e4-4eaf-861f-50e35fa5811c,2d67b25f-927c-4f11-9720-5734ee745463,2009-08-16,22,47.63936226530304,1048.065969836667,Bank Transfer,72457 Buchanan Manor,Cancelled
3e1d841c-b77d-4b9a-a9b6-419f41bb317a,1a1705d8-e049-4d98-860f-154792301b60,0322ae84-30c3-4677-b101-c845cb4b46e8,2005-06-20,41,581.0421913294608,23822.729844507892,Debit Card,8591 Shaw Streets,Cancelled
75dacd14-72f9-4d65-bc4a-7cd18136f581,53fea59d-1ae9-474a-9b76-3375095e3530,96e5401b-30c7-4243-b816-d5d01dc39441,1984-08-17,10,880.7072692789801,8807.072692789801,Credit Card,510 Evans Via,Pending
6b241d86-38c7-4dae-b8ae-b849b6389f8d,e6ef6357-a99a-41fb-9868-76d0a1e97ecb,7f0fe477-4aff-46d5-9673-365a1bf3074c,1982-02-08,5,765.0016754990231,3825.0083774951154,Credit Card,9978 Jones Meadows Apt. 870,Pending
b1b63200-8abf-4627-af8a-4989d1cf8638,61946658-d3d4-4950-abb8-de2be87652f5,a3714b68-e355-4405-bf08-a41961f3bad7,2011-02-15,33,366.27565916303274,12087.096752380081,Credit Card,479 Joseph Unions Apt. 508,Completed
2b0bcdf9-c692-4857-9134-f01576db98a1,011d7ac0-946b-4b9a-bd1e-e934f9261b64,1feb3582-55e0-4dba-9f51-4d3b2f17f1c2,1979-12-21,60,346.63998245875246,20798.398947525147,Credit Card,2186 Meredith Fort,Completed
cfd376d0-bfb8-44a7-a161-7439cbb4bd26,73e6fa0a-346a-48b9-a034-f894dc0478af,5072eddf-0bb0-42c1-b728-72b2676312ed,1998-03-06,75,915.2887829321559,68646.65871991169,PayPal,6724 Mcgee Row,Cancelled
233f6fc0-b9cb-4da8-a39a-aeb7fecf0d7a,cb1f2cd4-eadf-41c9-b1bb-5420f4364d70,557e4753-aed6-4f08-b891-c6e4338777ce,2002-07-18,45,885.0984827146456,39829.43172215905,Bank Transfer,75495 Thomas Spring Suite 869,Pending
70a80e14-2a3f-4084-bc6e-baaa405d4c7f,7242ef5a-b8b3-44c8-9fa5-2603933f81a7,4e37f59a-c8d3-47c3-afdc-aab18f0b0bdd,1997-09-23,4,307.0034255958981,1228.0137023835923,Debit Card,45034 Johnson Pine Suite 674,Cancelled
ea829a05-e7da-4cd2-8a97-77b5a3d9ff9f,448bf608-3d4a-4381-87cb-c9cd4f93683e,27935910-7eb3-420e-b79a-2d4cabd997cb,1975-05-31,35,768.240113001673,26888.403955058555,PayPal,33407 Cruz Ville Suite 728,Completed
4edcb231-6fcb-4867-b7b2-5db908ddfd29,8f95442e-199e-4a23-ad1c-2ba60993abd4,0f8d7dca-ae82-4cfc-bacf-df2aabbc6663,1986-01-24,49,888.5659057608605,43539.72938228216,Bank Transfer,92964 Thomas Fork Suite 211,Pending
87d5acc9-be6e-4fef-a2aa-221c850d88b9,29b70b23-d5e6-4bcf-adb1-f3a6032d2eba,9daea080-bb3e-4bce-b8ed-a42d8fb3425a,2013-06-20,55,793.8664293171904,43662.65361244547,Bank Transfer,339 Diane Turnpike,Cancelled
c449c62e-e6a8-4d72-b988-312ca5e6ede0,d38bdd68-1359-4f80-89ac-d6c21dae5a63,2b579d0d-9a44-46a4-a514-2a2bab1dd1c3,1999-09-05,67,262.9890041196153,17620.263276014226,Credit Card,11341 Christopher Springs Suite 768,Completed
ff565dfd-f590-43b9-892a-e90ec4f16d49,a72bf3d7-2799-480d-a02e-6bd9298682b4,e0a4b594-6f42-4ffa-8eba-fcbdd023a4b3,2023-07-07,56,369.64850549671115,20700.316307815825,PayPal,26080 Matthew Village Suite 031,Completed
d38b7564-5f54-4912-9e0e-15e17d7b87d9,43faeb9c-7a87-45c4-8636-871b3c0902c3,4b3f8960-edb6-475f-badc-e330dba1fc7c,2015-08-14,90,662.0577709420991,59585.19938478892,Credit Card,154 Terry Springs Suite 049,Completed
24eb68ed-23e3-4dbc-b1e9-60fdb9e3217b,7ba3ae6d-71a3-403a-9087-8186b2879d2a,d502d565-694c-4d08-8fbf-e3ee31ce138d,2000-01-20,16,626.2192721337061,10019.508354139298,Credit Card,3578 Lee Meadow,Completed
0d716b70-190c-4883-98eb-ce77c65fbf35,5705e2cd-26fd-47e3-8c75-9283c0a86454,f1e6b39e-743b-4e26-a769-d279bb9000f5,1985-07-29,98,111.87653342483053,10963.900275633392,PayPal,013 Lambert Lodge Suite 041,Completed
013f2d5c-3ec5-4c23-80cc-ca1f7ef454d5,d4e822f1-90d3-4fdc-b3fa-f6b614f07dbc,b7bcebc5-6a2c-4eee-8f97-5f4cf785d61c,1981-04-21,73,753.1593679159828,54980.63385786674,Bank Transfer,126 Clark Forge Apt. 112,Completed
c346afda-1d24-4469-9dba-fd4a61d53e27,0f62a8dd-0d17-43c9-862d-4556c8e1a6d0,61c2305d-65c9-4afb-82da-beb28f5bc9fb,1973-08-24,69,229.75325827490204,15852.97482096824,PayPal,40760 Anthony Oval,Pending
aae9666c-2fa6-44e3-ac27-a6d1cfc25418,e9ee5d63-6bf8-4a41-9fe4-f3c576be2d16,a6ceb6e8-7799-4936-8334-9cdb68753396,1994-02-20,61,760.7281886054225,46404.419504930775,Credit Card,8078 Michael Ranch,Cancelled
bbd45450-dff7-452e-86f2-ebd4cfbae701,305a2746-ec21-4c01-b0d3-8f46737413c8,3e06152f-687d-4fb7-92cd-e2799e1ade74,2012-12-26,23,776.6664167322292,17863.32758484127,PayPal,38965 Case Flats Suite 633,Pending
a137e8a0-f272-405b-8d8a-d504775ee350,7a264146-db02-4ab6-8839-d83552b24ce8,9a3b96cd-9f9c-43dc-a676-d7bda6625c52,2022-04-16,48,476.42031660049673,22868.175196823842,Bank Transfer,88662 Virginia Ways,Completed
daeb4afb-9b5d-4d31-9365-2f6ccbffd0f9,3d66851a-7d64-47fd-b5b3-a52e9b0b5946,5ed902be-3dfc-4d12-be18-c32c7e59e17d,2011-10-20,40,968.0016376107524,38720.065504430095,Debit Card,922 Brady Trace Suite 202,Completed
e213a788-a701-4205-a8a9-2a84a164fb6e,08be0efb-76dc-44b4-b649-82f0ea6abf04,6275a506-1f1e-4325-9122-32fe33a86e1a,2011-03-28,30,552.6080343158172,16578.241029474517,Debit Card,207 Susan Wells Suite 327,Cancelled
13b8bef8-627d-4b09-921d-360b624e2525,400dc2cf-13e6-4387-9aee-5b17237b0fad,f4f8c2e9-fe6d-461c-9971-bd8f5948af0f,2007-01-06,74,674.985399045341,49948.91952935523,Debit Card,511 Mariah Flats Suite 883,Cancelled
13800608-28a4-4b20-928f-9390dcf060d9,ed472723-780d-4f9e-a7d9-2e6cdc204329,22f5e5e1-a88e-487c-b49d-cda1a04ef7ea,2015-06-26,17,796.2105279945624,13535.578975907561,Bank Transfer,7287 Debra Bypass,Pending
d157af4f-52e3-4c68-b0b5-3b345daf00ec,031f798b-0122-46f1-9c12-343eca8199b9,c01ba1e8-f261-48d3-af5f-41180ab1bf33,1994-12-26,78,861.5321234206144,67199.50562680792,Debit Card,7213 Barton Summit,Cancelled
004ac93a-c9df-434b-948b-b399824ddf18,20de0d50-9241-4ba9-9dc7-15a3fe176e15,e4acc337-de0d-429e-8523-cc28485b53c7,2023-09-01,33,512.4881371605926,16912.108526299555,Bank Transfer,93247 Jack Mission,Completed
6041da3f-c091-40f9-8b25-26d6c1bdf74a,809e7b43-8d4a-4d58-89f7-194deb8333fe,1cee6554-9939-49b4-89bb-bf033ab257d8,1973-06-06,43,74.25134556021912,3192.8078590894224,Bank Transfer,529 Kelly Route,Pending
c0833378-a739-4acd-a6a7-ad25409ab645,34787b6d-50e0-45d6-b257-0a7e5dc3c3e6,4e1d4f5e-9ef3-498c-8cb6-3113c66e78d8,2008-01-27,89,320.746189827677,28546.41089466325,Credit Card,3903 Rosales Plaza Suite 218,Pending
a9653b82-92d8-4b91-adcf-42a2697ba13d,ce97eeb9-10a9-45a4-8e1f-32b3a163cef1,1e19fcb9-69df-47f0-9c80-4f48f64fc60d,2018-12-09,91,769.2451608670742,70001.30963890375,Debit Card,9197 Katherine Lakes Apt. 173,Pending
27b1d73c-5ba4-4ed9-8ca2-2d74dc389a1d,740d73e3-98c0-4c08-8ea8-ccc42d086846,7991d107-ccaa-4808-bfe4-9c723b5c1d5d,1992-01-12,55,32.777131606219726,1802.7422383420849,Credit Card,508 Chase Isle,Pending
893d19b2-f50e-4d63-adbc-a135ec0ab536,7a8912c3-3c0a-4604-ac02-8b032c18a26e,665a3b8d-cb4f-44ec-913e-0c4a4888088d,1985-07-26,46,612.4842921750559,28174.27744005257,PayPal,30857 Jonathan Lock Apt. 485,Pending
a8184b06-7908-4e35-8f52-56f8569e368e,a87df008-ba8d-416d-b833-a6310c3451a4,76a04399-409e-4617-a6e9-32800f73ffa5,1977-11-14,13,982.5671326447384,12773.3727243816,Debit Card,03417 Kristina Junctions Suite 457,Pending
84e31afa-dc75-40ae-b686-19f29a6770e1,b6d44b3d-8b05-4348-9698-3feb6a7d7388,7bf9e335-76e4-4cda-ab75-059947ec1d24,1995-12-03,35,893.1043826799778,31258.65339379922,PayPal,8190 Shepherd Via Suite 277,Pending
6dcf7b29-0e31-4686-8718-3bd348e568c5,ffe57626-2fde-4cb9-b359-62616850a59a,d60a047c-0737-429a-bb2d-862cde1ee325,1983-01-30,46,102.88527359346071,4732.722585299192,Debit Card,544 Sullivan Corner,Completed
af979075-2cf2-4d4a-bbdf-6c698024f8d8,f9bc9cab-dae4-400b-9711-32d1495ddc0b,5e47a87d-4848-4a48-bbdf-9b9e15ba5d32,1975-09-15,68,818.1282198862602,55632.7189522657,Debit Card,611 Jennifer Path,Pending
48208c43-bc49-4fdd-b13e-81503b039f7d,fbcae08d-85f2-4a97-b6fc-b795eed6ab19,16d08c6a-0f22-4481-933a-3b06bca6414b,1978-04-28,94,974.3132155787255,91585.44226440019,Bank Transfer,81188 Allison Mountains,Completed
61df6246-bb42-40ff-8c2b-b9e499f87c02,3386afa5-fa83-4df9-a52b-74a9679132dc,44c8ebcb-c744-4897-9b69-2bb84bb99ecb,1993-10-16,86,984.5297693989388,84669.56016830874,PayPal,208 Rachel Island,Pending
0e3d8563-085e-4195-91e4-a563495d8c94,8756f91a-4203-41dc-9dc2-ed09246ad61a,23fae689-3850-41e2-a81e-4989ec43d707,1971-06-23,94,276.7370924714314,26013.286692314556,Bank Transfer,846 Logan Union,Cancelled
8e3a9e38-cf49-4647-ab29-b3f71d910974,93a5ea9b-6318-4191-9729-e312f1ed1fb8,a61c2b1b-4cb1-4e30-b5c1-72fef047a59d,1978-08-04,14,234.23885446436054,3279.343962501048,Debit Card,14353 Henderson Ford Suite 475,Completed
4bf03f00-ee45-41c3-b8d8-dc1579086529,14974f8f-4332-4e6e-9cbe-4b9a5dbf7c65,57412fda-bb58-4dfc-8382-5265cde87e9c,2006-11-07,17,760.2962878954406,12925.03689422249,PayPal,8686 Williamson Ridges,Completed
d9f839c1-1178-45be-9578-19f01ef32dc1,df0d7cd7-5849-45e6-b6f0-da0750b3d4ff,2cfde7cd-11b4-4e1b-846d-4c0b0a1b6bd7,2005-06-10,4,684.8782324757949,2739.5129299031796,Bank Transfer,09313 Stacey Stream Suite 233,Completed
dc35d551-b497-43f7-a07c-6bd6bfceb5fe,747e7a56-e134-47cd-a554-134b76f30534,8d7d81ef-23e4-4fb7-bc35-350936826d8e,1984-02-26,74,776.5649091424066,57465.803276538085,Debit Card,02766 Mercado Fords Suite 568,Cancelled
af9906c9-76ae-4650-8624-d9db080a38a3,9b0071e2-a4cb-464a-abe9-9920c1acf6b3,625f2ce0-f1c9-4ab2-9d36-f2bf7c35106c,2007-09-08,85,500.6013882224529,42551.1179989085,PayPal,0204 Brittany Summit,Completed
43bd59dd-68c6-46e2-bf33-131629eb487a,0075c792-e442-423a-9735-23bc16d4b098,787eb6e1-8dd6-4f8c-ac33-ac01e1e8508b,1992-11-09,55,696.3361538966832,38298.488464317576,Bank Transfer,3019 Burns Stravenue,Completed
6d24abf9-7f3a-4c48-afca-cb0da6a21fa2,41c8ba91-5d92-4c8d-bf42-d6175832324f,c06dfecf-808c-4562-bd83-3188094f2c98,1980-09-30,42,429.34319174982267,18032.414053492554,Credit Card,4057 Anderson Highway Suite 870,Completed
aff1f530-3989-4922-ba98-da6dfddd63df,eff9b98d-a4f1-4975-9be8-e3cb52a440f5,d2035a05-0d08-49d5-8731-735fed223946,2017-10-24,21,782.3651365017321,16429.667866536372,Bank Transfer,426 Tommy Junctions Apt. 649,Completed
34c3ca55-782d-4cd1-aec0-67d4778658ff,6e38c6b3-8e28-459f-aa72-1772703f303e,c3b6a675-c90c-4dc9-9e8b-af973f1a6b10,2023-09-08,16,355.9377013642377,5695.003221827803,Credit Card,263 Bell Centers,Cancelled
8a59875d-8eab-4f52-baca-52e27be7631d,cfab0fef-5c5f-4dbc-8b98-f5eedb3d8bc9,9d99008e-9381-4fe5-afc0-2f5d5b6aee24,1986-10-25,85,956.7499280775988,81323.7438865959,Credit Card,39601 Hamilton Parkways Suite 220,Completed
c5b40986-1a59-4caa-b239-e220c7664d46,d4b028fe-eb9d-4add-bf67-c31567c78868,45333cb6-8162-4b05-af58-cbb96abd1f05,1992-03-25,33,840.4973666925581,27736.413100854417,Bank Transfer,2392 Anderson Falls Apt. 490,Completed
795f07b0-999b-4b1e-97f9-309c02cf47d8,022b422d-0e30-4a96-825e-7dd44c33fb4c,13fdca26-d282-4f65-9301-63a188626d35,1974-04-25,55,418.01412134036116,22990.776673719865,PayPal,68826 Keller Green Apt. 965,Cancelled
30f7ba24-bfc1-45f7-9cd8-2a9db028f332,d9b44938-d89f-4dbc-ad0c-68ff2c9d5729,0f126625-5cb1-4f19-92c3-57f159915de9,1975-04-02,93,864.5893426334588,80406.80886491167,Debit Card,930 Delacruz Street,Cancelled
14633712-dc35-42ee-8208-9c2abcf06f4f,a10ccf28-8c24-4e01-9ce3-03886860fb7c,6147b121-5f25-4a53-9031-a65882794ce3,1982-07-21,62,706.9804495174689,43832.78787008307,Bank Transfer,0565 Miller Lodge Apt. 654,Completed
82b30498-6e91-4da8-b6aa-7f01a702df28,d6aa6590-1b8d-4636-8870-c73adb544eee,fd698791-f287-46c9-8555-65e2ca72078f,2010-02-01,18,966.6907285411768,17400.433113741183,Bank Transfer,1327 Wright Center,Pending
0933629c-7475-4e12-a3ee-008805e7517f,c0519b80-8b21-441c-993d-0efa6843f40d,491606da-601f-4b36-8ecd-497673a6f81f,1983-06-23,45,648.153693278208,29166.91619751936,Credit Card,1771 Leon Freeway Suite 033,Cancelled
daabfc40-7dcb-462e-a497-8608f717e9c4,465bb420-1cbc-406c-b914-86e4fc987c2c,a1491688-f3f2-45a7-97b8-0dfe01765e24,1996-12-18,16,561.2953028412154,8980.724845459446,PayPal,333 Gutierrez Vista,Completed
7dd9f412-8539-44a0-b019-048491ad347c,ced17e93-ec80-4b98-b16b-ca2622850974,27846e69-31b6-4ced-a8ff-3a897d6e9b21,1977-09-24,51,203.94492035787454,10401.1909382516,PayPal,798 Gordon Trail Apt. 208,Cancelled
e818db14-2d98-4dbe-ba44-c77120fa78fa,d5e39ecf-9256-4af9-a754-7c3540126e1a,7f21cb65-1847-4898-9b04-0ac45eac8fc5,1998-08-24,16,949.3041572171943,15188.866515475109,PayPal,23310 Elizabeth Green Apt. 562,Pending
b6be52d5-82bb-489a-b0e2-e3dce8bca73d,d57a689b-681c-48b6-9655-89c5fbdf3040,49171321-e1af-4a3c-9357-e1ce61b71bc1,1993-03-07,42,309.4292335393102,12996.027808651028,Credit Card,25495 Daniels Common,Pending
1fe0b138-7d37-4f25-b619-7d5ab2f28029,131d6a77-fd8e-4c53-9fc1-6a9511decbab,8abcf432-b93b-4555-b92d-e247ef6afe0c,1971-10-16,98,273.2755398089363,26781.002901275755,Debit Card,7885 Ian Forges,Pending
6bce6ad5-a1bc-41d3-b08a-cc55a94e46c0,9c1e88da-d000-4ee1-8669-ca3ed8e5e2d0,582279f2-b268-4cc0-8f2c-9fe0277395c9,2010-02-01,58,434.46797268835525,25199.142415924605,PayPal,0157 Williams Isle Apt. 107,Pending
6d0fe8c6-a1fc-43b1-b6bc-7b0746c21cf9,66a8a78e-c1b6-4cbb-b71c-bca4d9115117,2c37eba8-92dc-4100-9714-493e2e04ea83,1979-09-05,14,647.0009579554076,9058.013411375705,PayPal,29514 Tina Branch,Completed
e1438a90-0327-4d63-a4a0-de12786e69f6,07d385e0-2197-46d8-98e4-43f67485d593,f1db99d8-d1e6-4891-be48-9deca5fe8ae4,1997-04-30,12,775.7731992672858,9309.27839120743,Bank Transfer,33351 Leah Curve,Cancelled
0b4ddf75-13a9-4fc0-aa47-07c5478da22a,f6e780df-442f-40ad-a0fc-dfb1c61da996,3f23d8b6-ad27-404c-b952-b46336634ac0,1999-06-16,10,356.80952403423424,3568.0952403423425,PayPal,99188 Bob Isle,Pending
78e660a1-f42f-4065-afb4-88f4181a2ed4,8f464794-8709-4960-b43a-215031d86f3b,13d86749-d2b6-4d48-8d31-2d927de64728,1990-11-12,74,751.4662828821597,55608.504933279815,Bank Transfer,2707 Gray Via,Pending
14d1fad5-cc5c-436b-a5b9-4b76b3aaf496,858f6a94-72df-4791-a53f-46fce6d2264c,9383bacf-dbf5-477b-afd3-cc28f3c00bf7,2001-03-10,43,641.2823384294039,27575.140552464367,Debit Card,525 Gomez Dale,Cancelled
a16178cc-9532-42e8-86fd-2c70813d8f87,6af9c805-fff1-4eaa-9cc0-6022b8c491b9,517306b1-d0a9-47c6-8c44-75dbfc1627fb,2003-11-04,62,769.5077374585148,47709.47972242792,Debit Card,432 Rodriguez Port Suite 767,Pending
786d1ecd-9262-45c9-9454-23302f2d6321,22574cea-afad-4949-a6bb-871cfdf2bd49,b70eeb2e-ae86-4291-9d29-59e53c2eea3c,1971-05-03,43,489.3712172159035,21042.96234028385,Debit Card,547 Allison Skyway Apt. 295,Completed
3991e1e4-5e7b-4d35-9a98-96d218180a76,ce2ba2a8-0784-498d-85f2-6797a76f6670,b62b21d9-0f3d-4193-9632-b0c95cf76b15,2018-01-03,97,580.7868141263191,56336.32097025295,Debit Card,830 Daniel Pass Suite 905,Cancelled
2bae4382-d845-4d99-8dbd-d652c03e6250,7d6bc86c-cc3a-445d-8987-cb6d11298a1f,c76c1a28-f44e-4ae7-b0e9-c505208ebe4d,1972-05-03,95,914.2379024154163,86852.60072946455,Bank Transfer,5407 Neal Brooks,Pending
7ab7b9e5-1d17-4659-acf7-6d7be7e7a530,c9f1d5e1-3f0c-4957-9a10-081545558b3f,af3b3070-afa7-44f9-bd6f-37f4ef7edd9b,2003-06-22,64,45.81484891636417,2932.150330647307,PayPal,4751 Gilbert Vista Apt. 648,Pending
3712fcd8-3681-4cf4-b471-f4beb0a9cd50,18e732c9-fead-4be7-b779-4c3d9ecf1ceb,7fa8e0db-c27c-46b8-8c93-442febbae322,1982-06-12,53,615.1248746461102,32601.618356243842,Bank Transfer,503 Elizabeth Hills Apt. 607,Completed
e3479bdf-3d47-4726-a423-8aa93ec1b338,28c26057-1e8b-4476-bc09-ede2874fc5a4,43a374dc-ed0d-4e76-ae9a-005d94d72fff,2017-04-21,52,999.5909742058437,51978.73065870388,PayPal,712 Debbie Greens,Completed
4b37a5d5-7627-4b8a-9b08-cefbee90a448,f93ef964-ccd8-450f-96e5-ee023f5d1f36,4bb57836-5819-4ed4-935a-4b7d6bb1aa5e,1998-06-12,98,165.66660014745958,16235.326814451038,Credit Card,41297 Sharp Burg Apt. 469,Completed
d16b8261-0b73-4b77-87a4-4f7bd7fc1017,3d1d85d4-1bcc-4f2c-866e-477eb5695459,bb876091-34a8-48db-9e48-01c2ddf40155,1975-05-29,46,375.1400341446331,17256.44157065312,Debit Card,8833 Hall Road,Completed
e4fe64bc-d3d1-4ee1-b029-617d134f071b,7494f453-49d5-4fb8-a143-97d77b821197,bc054078-7968-4289-ae2e-d8cc7f8b8d04,2000-12-26,79,827.2389832502432,65351.87967676921,Debit Card,5948 Mary Road Suite 817,Completed
57febdbb-b9ce-4fcc-a2c4-202f46344bb4,e46fd276-d997-4acc-8960-747db43f91be,5bfda851-f0f4-4514-b6a3-a804ded0e7fc,2006-01-23,92,745.523285682958,68588.14228283214,Credit Card,00932 Chan Dale Apt. 608,Pending
696df156-6209-42bb-b665-fc847adbf150,fdbe03dc-7a01-4468-9f9f-89c8080eb3c0,668440c7-0db9-41c5-922f-0a56e7cf28cd,2008-02-06,54,675.7574131504134,36490.90031012232,Credit Card,18375 Simpson Roads,Completed
b9b4e4da-ec1d-41b1-b7e2-928c95118490,b4336fe6-c67d-4fd5-9592-a82115f34029,d9fb07c0-4963-4c9e-b453-13b692bf2ab6,2016-01-13,14,132.4113960011178,1853.7595440156492,PayPal,9345 Bell Mission,Completed
652181a6-35eb-40fb-8474-e36e195959ba,af0adaec-70cb-4766-b806-cb7f1bff0dc5,c3396a2b-c1bf-4475-84f5-a4bc1aa3e0f8,2020-07-18,29,275.8412037294002,7999.394908152606,Bank Transfer,2847 Timothy Rest Apt. 762,Cancelled
5303864b-8de3-4dd9-b043-9c731d4c4442,e83be5e3-1615-47c9-90df-02e1794cfb8b,87d8c715-5bf2-4765-9777-6e7fb3d5b9a2,2005-11-19,60,800.7897479752274,48047.38487851364,Debit Card,513 Smith Ports Suite 093,Cancelled
8463030a-66d0-456e-b6e1-b65ce9dde7c8,97d5ef51-3431-43bc-912c-5302cc3d4dd3,5f0b7221-0468-4871-9772-94a130dee7f5,2001-09-02,37,797.7980541681899,29518.528004223026,Bank Transfer,7582 Jacob Roads Suite 774,Cancelled
9d0fb0e7-18f1-4c24-8de6-a05c50758324,01d65a87-5c6f-4fdd-8f16-ebe6a041e54d,8382a547-1a0f-4621-8e32-c0e300e8bddc,1996-11-13,48,520.109407283665,24965.251549615918,Debit Card,924 Garcia Shores,Cancelled
51858727-b569-4aff-bdfc-eda84e7fb44f,d2fba660-f3ef-4ad4-be0c-8311d01f26d3,b0b00ad9-6955-4674-8564-9f931af14575,2004-07-26,3,351.19103090349233,1053.5730927104769,Credit Card,459 Nguyen Curve,Completed
b0340765-3b2f-4cc2-9e6d-2e9e8637beda,a9f3a989-04f7-4ef4-9b72-fead0c214348,8101c843-45ec-4b92-88f4-6ef847ce67ef,2014-07-21,6,999.0797301532593,5994.478380919556,Credit Card,2744 Stephanie Hills,Completed
c3765e5e-d2df-4aa8-b37b-095e5f053a11,53daa764-9a8a-4ede-9f52-2d037cbeae19,ff7eb736-e9cd-4262-beda-438095dd7f7a,1987-06-25,43,796.2873522483189,34240.35614667772,PayPal,046 Benjamin Drive Apt. 716,Cancelled
7dbe7e2f-4ed0-40c6-ae8b-45c77918692e,efbdfa6b-51c8-4cad-83f7-0a6d9ebeb312,1ff3eee7-ce4f-497e-b58e-bdb8476060f8,2010-12-22,7,691.3269585855786,4839.28871009905,Debit Card,4062 Timothy Trail,Completed
d89c5efa-3db2-48c2-9d5c-167a413cb477,4626bb3e-ad3e-4321-bc8b-f10aafac96e0,35cea190-8574-4f39-8d5e-059c231b8df9,1970-08-16,85,490.26903152450495,41672.86767958292,Debit Card,5130 Smith Rue Apt. 554,Completed
348242fa-036c-40cd-9b54-26cde2ef4940,8240345e-d08f-4b85-9a84-cf3cc7bf0e34,535af0dc-579c-4289-b948-ea89f90d5532,1982-01-08,18,81.01152672256876,1458.2074810062377,Credit Card,212 Fisher Islands Suite 279,Pending
f25fef92-3569-45d8-9eb3-82edc16eb820,8c46a919-1611-451c-b47e-34b026f26b48,e966d7f2-5e0e-43df-a07e-1520a781d984,2005-02-06,29,300.78783612220747,8722.847247544016,Bank Transfer,13765 Laura Ports Apt. 652,Cancelled
b07ffd22-bb31-4b38-baad-d84f5166744d,108d3077-84f6-430c-bb4b-f52e0fe07c61,29d2be2e-0785-48d8-b9af-d786706cc10e,1975-07-31,87,564.2216234261672,49087.281238076546,PayPal,3507 Harris Rue,Pending
4ab4474d-c84e-4951-af51-5289be7c33b9,47072e9d-5e3b-4feb-9431-1b637b20cdf9,2437b90e-d63b-4f52-8729-ad0726abbc1b,2022-08-11,98,576.6178108695525,56508.54546521614,Debit Card,589 Walton Run,Pending
3a688e39-636f-41eb-9b62-2367124abe28,b23cef5c-e3d9-4907-be9f-da1887e530f3,271169b7-b9ae-4038-8f41-1e808d837492,2005-12-20,55,132.9678548494926,7313.232016722093,Credit Card,956 West Ford,Cancelled
4bbc27a3-3a82-47ce-af35-c59b63c74402,29448318-840c-48ce-b06b-441e7b99b970,6a6fdbb2-2946-42d9-85dd-c32925057924,2013-05-20,94,547.4011641609102,51455.70943112556,PayPal,224 Snyder Roads,Cancelled
9f4d1c7f-dc07-40ca-894d-7a9d9fa952c1,777f9e47-4abf-43fb-8dd0-ec9815ab3e54,50070616-7ddb-4ada-bea5-a3bbaae5a89f,2013-07-09,38,495.0487810462292,18811.85367975671,PayPal,479 Derrick Ports,Cancelled
4c25e649-9d0b-41fc-bdca-622df2e8f875,ab9034d5-d27a-4857-ad8e-b5a8a0eb63e9,d2b9087b-c479-4c3d-acd0-a60782ce36d0,1985-09-01,25,666.7147382589865,16667.86845647466,Credit Card,1145 Megan Stravenue,Completed
10777ebf-198b-4509-bac6-9ec766839595,e6280e0f-e58b-49a5-b50a-afe8390d9dea,db3cd5d6-6476-4c40-8f7c-73a6b47fa998,1998-04-29,69,587.3305835306995,40525.81026361827,Credit Card,599 Griffith Island Apt. 179,Pending
2611f710-bf52-4c3e-ad50-791810f21754,561a8ab5-3289-4aa0-8500-9da9546e0608,185f0d8f-6b68-4147-9f13-d2dd1337ee26,2016-02-26,18,769.7683279383972,13855.82990289115,PayPal,57043 Salinas Avenue Apt. 733,Pending
909d6f33-06e5-48db-93e3-dc9cf00a0508,3e1028b3-724c-4a03-9bd7-3e72d0302de3,0ab5c830-54e6-4463-a584-7846c9b8bed1,1988-07-14,50,155.48746283237594,7774.373141618797,Credit Card,334 Kathryn Prairie,Completed
0949974c-5a83-4041-8edd-af25289a3b86,7dcb79d2-a961-4cda-9cd7-af93f2ded1f3,9ed21275-6ecf-4a6d-99cd-06f8c36462cf,1989-07-07,83,29.831964918827822,2476.053088262709,Credit Card,978 Jason Vista,Completed
fb09d7b6-3080-4167-a8fa-b7ad4faab822,3c1dec51-4d74-44a7-8cb0-b5bf9334c6e2,7a60659f-0fdb-4261-aa93-c16c7af43f3e,1989-08-15,76,65.23108322702522,4957.562325253917,Credit Card,559 Mary Throughway,Completed
0ba1f446-a036-4180-be6f-d44a86c13563,92b217b5-1bd3-42fb-b20a-fc061a8dd390,dd3bf68c-a6e3-4441-84af-8e83f86567f8,1978-06-18,33,403.9928214186871,13331.763106816674,Bank Transfer,041 Michael Locks Suite 901,Cancelled
fad201e6-4f3c-43ef-a4a2-ca60f0e872f0,4abdd55c-bc3f-4f2d-956d-3e4da32b07de,a5a59725-b9a9-43a1-8458-ea6c81241dee,2015-06-18,34,324.9082639476831,11046.880974221225,Credit Card,8044 White Mission,Pending
08a0ece0-2be2-4f97-af64-6b658e638b6f,2816cc57-9cc5-4aad-b23f-9471a397460c,9b4c782d-3b61-462c-bcc6-e253a43b91c4,1988-06-21,99,596.3226516748023,59035.94251580542,Credit Card,6221 Simmons Mews Apt. 006,Pending
86707522-44be-47a0-90df-b83e0418186e,7bb32e58-7c0d-48c8-a206-8d6023bfcd57,cadbda85-ab39-4d2d-8460-d04c0f20e977,2016-06-11,29,318.5828192783821,9238.90175907308,Debit Card,898 Andrew Walk Suite 239,Cancelled
0af1d726-2ce8-4662-bcba-8b9c7ac570b1,bc8e4721-f162-4b00-91e5-ba8b70c5c725,8c2296c7-757b-4aa1-b9a1-e211b64d89ed,1999-01-08,4,718.8975370811748,2875.5901483246994,Debit Card,67890 Ferguson Tunnel,Cancelled
40f9b57c-2554-42d9-abaa-b83b704fc3c6,8c6c0b8b-07ec-4748-bbb3-5e4764e7216a,8c58af1e-6106-48e4-82ea-f4d0fffb557e,1973-01-28,53,326.4096863128719,17299.71337458221,Bank Transfer,49371 James Union Suite 793,Completed
28ae18a7-9ba4-434d-8777-191a9c094ef9,7a0ab4d4-61b8-483b-8e0e-ce1d1a1aeaa4,c96f6e47-91d3-4321-8c62-c51ffd9edf45,1974-06-09,71,306.0156782121923,21727.113153065653,Credit Card,386 Black Ford Apt. 834,Pending
997af537-73b2-4910-bbdc-fc1122407ea4,12b596fd-ecdf-47f2-a84c-15db216a5ae5,332f6cd0-2ba1-43b0-ae15-3dfbe87a19e5,1977-12-11,2,730.4310659322268,1460.8621318644537,PayPal,8777 Lang Plaza Apt. 604,Pending
a743bee8-78ec-4be4-a75c-204c7346fddb,4bc57bf9-bcda-4467-86b6-c4a1b3cbac13,2702880b-1c21-4149-9a5c-f838c63ba7f1,2003-12-17,60,391.43679492146003,23486.2076952876,PayPal,2680 Hayden Unions Suite 680,Cancelled
88d2780f-8f51-4a18-99e3-469180dfb417,2fc990da-f61e-4e0c-b723-a185c1f6c502,97809025-23fd-4356-876a-71b7a3ec4118,1992-11-10,79,966.984649701649,76391.78732643028,PayPal,4094 Harrison Spurs,Completed
a768a16d-224e-4ac9-9312-e0f687a6268a,4759ab13-4d2c-4763-8643-f786dbb11a18,1a7fc37e-6e63-4c33-ad74-1cb518f746ec,2023-02-28,63,261.120404796729,16450.585502193928,Debit Card,75976 Karen Viaduct Suite 356,Completed
301fa3b4-1fbc-44de-a2eb-4b4ec678a345,e35a8a54-99d0-4022-b489-1a3fe48d035c,3460ddd7-707f-4f77-acf2-0215a7838a65,2000-09-02,32,89.21240832300019,2854.797066336006,PayPal,7704 Victor Walk Suite 567,Completed
dcec8e1a-afb0-429a-a1eb-f84c3f142b6f,4f836ee8-a941-4255-8926-bc5aaae60fb7,2fb2e645-b5c5-4736-8620-f164cb94ef7f,2003-08-06,43,320.6724637242134,13788.915940141176,Credit Card,965 Gonzalez Haven,Completed
b9aac8b1-4172-486e-8695-df5ce842e3aa,57fae50a-9fa2-4d0a-a818-0ec476787c16,138e4e80-e412-4bbb-af75-c9c8302716d1,1972-08-15,96,195.03872516180743,18723.717615533515,PayPal,1619 Terrance Turnpike,Cancelled
f70e70e7-3069-4a83-993d-add81762a40c,9e6a97c5-2b2b-4d0f-bf08-56fb1154f066,2ab3d8fe-6d60-4475-bbf6-072ac915cea2,1998-06-01,66,321.4897224666261,21218.321682797323,Debit Card,0540 Erik Crossroad Apt. 477,Completed
ff7aff63-7ef6-46dc-b5e4-27d86bb3e730,0ff51a91-c1bb-48e6-91fa-42a149681981,e36613a5-d561-400f-8e8b-d3358b5e5236,1993-01-29,56,649.682387649324,36382.21370836215,PayPal,9734 Todd Club,Pending
b28308a6-0002-4b84-b8cd-a80334a3c968,afd76b62-a00d-4517-ba7e-b27a88ac48e0,c9311b0d-5f6f-4ffc-8a22-ff685a671330,1972-03-12,33,193.28703672332767,6378.472211869814,Bank Transfer,9449 Smith Land,Cancelled
71978543-ab45-4a7c-b2da-6d2e739f60e0,f018ea0e-d21a-4261-beb1-83c62458a083,dab41a87-6483-440f-816b-d00bc795895f,1986-06-10,39,730.1108542667854,28474.32331640463,Debit Card,8366 Sarah Manor Apt. 746,Completed
0421e614-fe66-4acf-8f5d-e91b92732f68,75473380-ba7e-4dd9-8826-770ca0236ceb,98b8d61b-2dcd-4468-aa4f-ac2ea7cfc205,2003-06-28,36,618.1856491083491,22254.68336790057,Bank Transfer,772 Snyder Haven Apt. 228,Cancelled
57bf0b5e-6329-4793-bf2b-fa1fd2915d40,d16225bc-5839-4c1d-afea-a42a507d62a4,addb24ed-fc25-40d0-aa1b-81183618fd90,1976-11-14,88,627.8793909686935,55253.38640524503,Debit Card,6998 James Dam,Completed
4c3c8470-d890-4b26-8777-9291e09f7410,1c292fc8-2177-4ecb-a937-451964354e6e,48d6ebb0-962e-4bac-842f-385f80cc723f,1981-09-28,31,319.831048213525,9914.762494619274,Debit Card,6324 Angel Pine Apt. 498,Cancelled
f73ac6ee-19aa-400e-a588-7eadd308bf0e,724c97f8-e13e-40d6-b9ea-2d514fab0217,9a4a1897-6160-4bff-9a44-09f901993981,2007-08-08,94,400.0718678718277,37606.7555799518,PayPal,863 Jennifer Wells,Completed
003c1189-025c-4e3d-8d80-6e96413a9190,4ace28d4-29de-46f7-8344-68bcfc1bbb14,0d7de960-240e-43c3-b62a-e932b6fa9913,1992-04-12,28,198.01226903360492,5544.343532940938,Debit Card,67072 Angela Mountain,Completed
56fdfe32-c1aa-4b2e-bdd2-565ac2b23182,feb5274c-fe72-48e5-b3f6-dcfff83fdebb,27cdfa4c-6d60-4d23-b12b-a2f785af7945,2008-12-07,57,284.85248291532383,16236.591526173459,Credit Card,263 Cohen Union,Completed
e25417b8-3e1a-437a-87bb-ba3d8cd25475,e5601c12-7780-44aa-9678-3fb5d9755a7b,4401865f-470d-4e94-bf18-b9c030d2ef6e,2023-01-13,86,203.33216982289682,17486.566604769127,PayPal,6166 Morgan Ways Suite 219,Cancelled
a9dcd1c0-6072-42e0-abb9-19a3713893ad,0d7271dd-c04d-4778-82a8-743457c3e09b,14edc8b9-b0b3-438c-a8bd-d28f3035b1e2,2015-01-09,86,484.0800456599873,41630.88392675891,Bank Transfer,601 Brandon Grove,Cancelled
09b3ca5e-9578-485f-ba53-17601d593db3,26bb7201-12b5-4b22-a1b0-d7b2af816d18,57c5b6c9-6636-4645-afd8-a57cef84fd8a,1980-07-18,87,705.2504685499606,61356.79076384657,Bank Transfer,3279 Michael Courts Suite 422,Pending
1da55e5a-b3de-448f-9467-35afde683ff5,a2f13b0c-804a-4ec5-a790-08d9a76c035a,89aa68d9-6ffb-45b0-b2ff-b5cfc98f04de,1990-05-01,96,101.28347338331075,9723.213444797831,PayPal,2464 Eugene Corners,Pending
fef43921-b0c2-404f-8588-84ed80ca01e1,38476512-0314-449a-be50-9d847929a360,9c414b7d-31cc-422b-9efb-49f166b1bb99,1988-06-29,54,225.67890664103203,12186.66095861573,PayPal,622 Burch Unions Suite 277,Cancelled
02e88803-e653-4c3e-815f-7cdd71636aaf,ef7a45ad-aa1a-4fb7-8ac6-9dae024308af,5f46c638-4be0-4e25-83e1-be68790150d7,2015-11-06,27,609.4951100267148,16456.367970721298,Bank Transfer,36472 Matthew Shoal Apt. 993,Cancelled
6f8889ae-2b90-4a42-b21c-5e2e71a3bdb9,c143845f-c87a-499a-a582-60ff137774eb,da3550f5-a2d7-41dd-8571-13368d36bbb5,1984-01-03,33,893.6704365133467,29491.12440494044,PayPal,38235 Jonathan Squares Apt. 962,Completed
3d6e8b3f-b918-4193-a2b9-ccf1e0476df7,0d324470-3b4d-4207-a148-1fbfc7ef87d4,de61e48a-dd28-4df1-bb4f-308a998b45d6,1991-12-28,13,522.6109115441216,6793.94185007358,PayPal,582 Patterson Hills,Pending
ecbb8b3f-f5df-4b31-be99-caf22bad6962,2138a850-74ae-4b35-9cda-2417c30ded31,99fef8d0-1552-4a6e-bf9f-38ca567bde4f,1985-06-26,75,869.4127478480636,65205.95608860478,Credit Card,48126 Scott Branch Apt. 666,Completed
dde8b25b-ee81-4107-bde4-d94c8b0dec14,440efdf2-da1c-4663-aa3d-02f342db4f71,d414cf88-82b0-41e2-b091-ac26e52c26c6,2019-04-29,32,138.1588466314962,4421.0830922078785,PayPal,8659 Jaime Field,Completed
98f4e760-4f98-46ed-be2a-b36eedc31685,16bce43c-4a67-411e-ab1c-63e6d5e95d33,06d85f34-3763-4855-8229-a5a11d02037c,1970-11-04,12,995.6840143037278,11948.208171644734,Bank Transfer,99098 Cox Springs,Completed
ed256560-bc39-4555-9c12-704e41e5cc11,bb193e8a-35e5-4b97-91fa-762f5bada0d8,8fba4d1c-dfe1-47a7-b6f0-5c75829758fa,1977-09-21,51,52.79376074077989,2692.4817977797743,Credit Card,843 Miller Burg,Pending
5d68f1b2-eb38-4813-9e19-569527238f08,868ad82e-56fd-49e2-8f22-cd7255fc81fc,8714e438-e25d-420a-8109-f939aa0abb26,2001-08-27,74,671.2068187975578,49669.30459101928,PayPal,074 Quinn Plaza Apt. 739,Pending
bcc66bea-8014-4b25-997c-2d45693b7c4f,a59b2bb0-64d8-4f04-9cc1-6aac380f6954,00401269-25c8-49ae-bf20-71fffd0df17d,2010-03-27,94,611.5031537448887,57481.29645201953,Bank Transfer,4189 Tate Track,Pending
157c2809-33fc-4329-bc90-9e8573f0493f,9b87a3a2-c6aa-40fd-8e4f-826097e88bbc,f80ca5c1-451d-42ec-8429-3eae5862f5c0,1984-02-05,71,483.6186389751216,34336.923367233634,Bank Transfer,6326 Pacheco Ways Suite 320,Completed
a715772f-18fd-4606-908d-03a705440f65,09a7e9f4-11a3-4daa-b513-ffe55b287642,5fb6bb02-4f57-44aa-b64d-b5cfd3075f44,2012-09-30,75,953.8041586826002,71535.31190119502,Bank Transfer,48151 Elizabeth Views Apt. 632,Completed
c860ec67-276c-4bcf-9416-29fe5ad3263f,1c7707ac-9645-4976-95a4-8d45d8d6c6cc,19f57abf-6995-4975-9834-a4c61e74fb5b,1979-08-21,88,449.2753944005274,39536.23470724641,Debit Card,1833 Cervantes Islands Apt. 732,Completed
37dfa488-f892-40ca-8d66-a47e5d12e708,913137b7-2428-4f30-ac5c-85ca7feba15b,d41a5a0e-1482-45b2-ac02-bc978b6f4f76,2009-09-02,12,456.2034596016837,5474.441515220204,PayPal,14384 Rollins Fort Suite 301,Pending
